20-1599575,Tammi,Dimmne,85 Larry Crossing,1/27/1992,F,Empleado,Legal,DCF Valuation,7/14/2016,72,663;
12-9957811,Sax,Allmann,105 Portage Center,1/25/1966,M,Empleado,Accounting,TSO,2/27/2005,37,754;
49-8281534,Wilhelm,Blaksland,9 Talisman Crossing,9/29/2002,M,Empleado,Human Resources,ODD,9/27/2015,97,0;
44-1048943,Nada,Breeton,02866 Anderson Road,11/4/1974,F,Empleado,Sales,PKMS,9/16/2020,55,07152;
58-7242056,Collie,Venton,0 Westend Lane,12/22/1982,F,Jefe,Marketing,Staff Development,10/31/2008,51,1379;
19-5176401,Sasha,Tudbald,06 Lighthouse Bay Junction,11/23/1978,M,Jefe,Product Management,Oil &amp; Gas Industry,7/17/2004,90,65686
04-1833761,Wallie,Vasilevich,26 Loeprich Plaza,9/15/1999,M,Empleado,Legal,OB/GYN,10/21/2004,48,48516;
69-4181566,Auguste,Reames,1 Ruskin Point,10/18/1982,F,Empleado,Marketing,Student Affairs,7/27/2018,59,9;
44-8364577,Andrei,Dudden,27672 Duke Lane,6/16/1964,F,Empleado,Sales,UK GAAP,2/15/2019,76,82;
93-7660296,Suzette,Kleinlerer,34 Clemons Center,3/6/1964,F,Empleado,Product Management,VXI,1/29/2013,74,73877;
23-8112409,Newton,Jobb,24469 Utah Junction,5/2/2000,M,Empleado,Sales,MRAM,1/6/2011,55,62081;
34-2752026,Hanson,Panswick,58 Badeau Junction,11/24/1986,M,Empleado,Business Development,Business Analysis,4/21/2004,44,19;
66-2454333,Mac,Gonzalo,82 Barby Plaza,6/14/1961,M,Empleado,Human Resources,IEX Total View,1/28/2014,73,6015;
25-7535562,Kevina,Rook,2677 Lerdahl Point,9/16/1977,F,Empleado,Marketing,Professional Ethics,10/7/2011,40,7;
81-9149559,Kylen,Moorey,9 Loeprich Park,1/10/1992,F,Jefe,Business Development,HFM,9/25/2006,89,87342;
84-9168224,Cele,Lovelock,0874 Susan Way,3/1/1971,F,Empleado,Marketing,Military Training,1/11/2016,71,2;
62-8572983,Kerianne,De Benedictis,22 Sherman Avenue,7/19/1967,F,Empleado,Human Resources,Aerospace,8/10/2002,42,5;
54-1089637,Julian,Ninnoli,7808 Hagan Center,11/29/1981,M,Empleado,Support,Bartending,7/25/2007,83,3;
69-4543877,Baxie,Castellone,82815 5th Alley,11/25/1964,M,Empleado,Training,Order Picking,6/21/2009,90,5;
34-1588540,Noel,Cherrison,40 Glacier Hill Avenue,3/23/1960,M,Jefe,Marketing,AHWD,12/12/2001,58,0257;
86-5401862,Devan,Gasker,8 Elka Way,5/18/1964,F,Empleado,Sales,ICT Governance,10/27/2004,87,31;
70-2940126,Zacherie,Manser,47898 Harbort Way,10/18/1995,M,Empleado,Business Development,Sales Presentations,4/7/2002,36,01587;
26-9508081,Marget,Tarr,4533 Kropf Court,8/10/1994,F,Empleado,Engineering,DQL,2/7/2004,66,72;
62-9790525,Hyatt,Marlow,036 Scofield Road,7/2/1987,M,Empleado,Product Management,UltraTax,4/17/2009,96,8719;
43-8804965,Adelle,Sherwen,298 Heath Way,1/10/1964,F,Empleado,Legal,Molecular Cloning,1/26/2014,53,276;
74-8208203,Bernetta,Vargas,6 Lunder Center,7/22/1970,F,Jefe,Accounting,Airframe,4/4/2015,69,259;
35-9653124,Hayden,Kydd,59793 Anzinger Hill,12/6/1956,M,Empleado,Sales,Value Engineering,6/14/2002,83,3;
84-2656492,Timmy,Bodesson,00654 Florence Parkway,10/25/1955,M,Jefe,Support,SBA 504,1/27/2004,66,18;
72-3655440,Adaline,Sallows,24140 Lien Avenue,10/3/1976,F,Jefe,Human Resources,Signal Processing,2/1/2019,46,26;
96-9685017,Greggory,Boler,8006 Nobel Circle,1/13/1983,M,Empleado,Human Resources,MS Axapta,8/30/2004,88,7911;
23-8188983,Felic,Knight,6 Lyons Center,4/5/1970,M,Empleado,Support,Software Design,6/28/2006,89,6;
00-2658465,Bartlet,Kopisch,43983 Reindahl Junction,5/5/1974,M,Empleado,Legal,DDS,1/17/2007,51,9;
19-2226560,Noni,Neaves,56 Surrey Plaza,5/12/1996,F,Empleado,Product Management,VSTO,7/13/2009,95,59;
75-6693167,Georas,Bath,504 Amoth Place,5/15/1985,M,Empleado,Research and Development,NCDA,4/20/2010,77,962;
04-0235731,Rubina,Bromage,256 Sage Junction,4/3/1991,F,Empleado,Product Management,RCV,9/8/2005,69,40;
