id,first_name,last_name,adress,DOB,sex,position,dptmo_name,project_name,dateWorked,hoursworked
1,Charlean,Spiring,6 Eliot Parkway,5/12/1990,F,Account Coordinator,Miscellaneous,Finance,1/9/2021,57
2,Karl,Stegel,2445 Meadow Vale Junction,1/17/1998,M,Food Chemist,Capital Goods,Health Care,3/3/2021,64
3,Egan,Hollingby,09841 Northwestern Avenue,7/2/1982,M,Geologist I,Finance,Finance,11/9/2020,31
4,Rudolfo,Olenov,716 Magdeline Hill,2/1/1982,M,Computer Systems Analyst I,Energy,n/a,10/13/2020,33
5,Florette,Varfolomeev,53003 Morning Way,10/28/1990,F,Executive Secretary,Finance,n/a,2/21/2021,67
6,Meggie,Montfort,8357 Monica Place,12/3/1985,F,Teacher,Health Care,Technology,2/17/2021,14
7,Angeline,Bartoszewicz,80838 Holmberg Hill,9/5/1991,F,Web Designer III,Consumer Services,Consumer Services,5/13/2020,12
8,Mahalia,Briand,374 School Parkway,12/29/1978,F,Pharmacist,Health Care,n/a,6/17/2020,25
9,Loise,Paladini,41 Utah Junction,1/30/2001,F,Administrative Officer,Public Utilities,n/a,7/19/2020,54
10,Hirsch,Janczak,57 Mcguire Plaza,8/17/1977,M,Professor,Technology,Finance,2/22/2021,12
11,Teressa,Doohan,5140 Northport Parkway,2/28/2003,F,Operator,Transportation,Energy,2/28/2021,61
12,Flemming,Cabrer,04 Orin Point,1/15/1976,M,Sales Associate,n/a,n/a,5/18/2020,49
13,Kiel,Peddar,3656 Gina Pass,12/14/2002,M,Human Resources Manager,Finance,Capital Goods,12/30/2020,60
14,Vanda,Cruikshank,38190 Superior Street,2/14/1980,F,Professor,Capital Goods,n/a,7/27/2020,64
15,Haze,Castleman,5213 Continental Court,8/4/1983,M,Social Worker,Basic Industries,Technology,5/4/2021,61
16,Harri,Gilderoy,64 Talmadge Plaza,8/27/1999,F,Automation Specialist II,Technology,Health Care,7/1/2020,19
17,Quinn,Sabbin,149 Londonderry Parkway,3/26/2002,F,Chemical Engineer,Miscellaneous,Consumer Services,5/5/2020,25
18,Tina,Edgeller,30674 Westridge Trail,11/16/1997,F,Engineer II,Consumer Services,Finance,9/17/2020,67
19,Concordia,Kyte,0561 Starling Court,12/30/1985,F,Professor,Health Care,n/a,9/13/2020,33
20,Milissent,Hulbert,8727 Dunning Point,7/26/1980,F,Software Engineer IV,n/a,Finance,2/20/2021,50
21,Robyn,McNelly,53915 Bultman Road,11/19/1987,F,Web Designer II,n/a,Basic Industries,2/18/2021,32
22,Kathryne,Seiler,56928 Swallow Crossing,10/28/1976,F,Environmental Tech,Health Care,n/a,1/19/2021,19
23,Cindy,Gordon,38 Graceland Parkway,4/16/1997,F,Recruiting Manager,Health Care,Health Care,12/16/2020,9
24,Elwood,Hawick,095 Buell Terrace,3/18/1994,M,VP Accounting,n/a,n/a,9/7/2020,70
25,Hazlett,Rothchild,7 Paget Point,10/7/1998,M,Statistician II,Finance,Technology,7/26/2020,37
26,Sonnie,Farlane,6269 Fordem Way,8/4/1993,F,Mechanical Systems Engineer,Public Utilities,n/a,4/25/2021,46
27,Adina,Griffitts,78452 Spohn Center,7/22/1983,F,Biostatistician III,Miscellaneous,Health Care,3/12/2021,6
28,Dane,Halladay,08318 Superior Drive,12/17/1980,M,VP Marketing,Basic Industries,n/a,10/19/2020,24
29,Candice,Gemeau,9 Derek Place,5/21/1990,F,Social Worker,Capital Goods,Technology,2/27/2021,23
30,Royall,Brownfield,89 Coolidge Alley,2/23/1987,M,Software Consultant,n/a,n/a,4/29/2021,70
31,Cornie,Warrell,365 Canary Trail,1/9/1979,M,Dental Hygienist,Health Care,n/a,2/11/2021,14
32,Elroy,Daglish,3 Victoria Trail,5/25/1979,M,VP Quality Control,Health Care,Health Care,5/13/2020,74
33,Elaina,Brason,66 Haas Street,2/7/2001,F,Media Manager III,Energy,Transportation,6/26/2020,57
34,Riki,Lohde,6 Killdeer Terrace,9/8/1983,F,Senior Financial Analyst,Energy,n/a,8/2/2020,4
35,Artemis,Goodband,4 Kensington Way,5/29/1975,M,Internal Auditor,Finance,Finance,4/29/2021,9
36,Giacomo,Evenett,259 Kingsford Lane,9/22/1998,M,Human Resources Manager,n/a,n/a,12/9/2020,51
37,Alfred,Wicher,85920 Algoma Place,8/10/1978,M,Nuclear Power Engineer,Finance,Finance,7/26/2020,37
38,Deeann,Heazel,7 Calypso Pass,7/6/1987,F,Environmental Tech,Finance,Finance,10/11/2020,45
39,Roanne,Rattry,45 Sherman Point,9/24/1999,F,Developer I,Technology,Energy,3/27/2021,52
40,Denney,Shoreson,1 Macpherson Lane,4/9/1976,M,Analyst Programmer,Consumer Services,Health Care,8/5/2020,34
41,Clemens,Weippert,1 Village Street,6/5/1986,M,Data Coordiator,n/a,Technology,4/9/2021,29
42,Mathe,Wallsam,616 Schurz Park,4/5/1998,M,Account Executive,Technology,Miscellaneous,6/23/2020,24
43,Skylar,Jamme,031 Nova Point,12/17/1990,M,Design Engineer,Technology,Capital Goods,12/17/2020,63
44,Drona,Roycraft,856 Memorial Avenue,9/12/1993,F,Financial Advisor,Finance,n/a,6/28/2020,27
45,Evvie,Lingner,848 New Castle Pass,4/8/1981,F,VP Product Management,n/a,Health Care,2/18/2021,54
46,Laird,Pavie,8858 Northfield Drive,4/11/2000,M,Senior Developer,Health Care,Health Care,1/6/2021,43
47,Roger,Vigietti,1 Bayside Crossing,5/20/1999,M,Speech Pathologist,n/a,n/a,3/6/2021,58
48,Lizabeth,McRill,38100 Hayes Avenue,4/26/1986,F,Environmental Specialist,Health Care,Public Utilities,12/18/2020,31
49,Esme,Wyre,3 Moulton Circle,5/19/1981,M,Assistant Media Planner,Technology,Health Care,6/3/2020,59
50,Fiorenze,Dumbreck,3 Packers Circle,9/8/1990,F,Account Executive,Technology,Energy,9/19/2020,74
51,Meryl,Attrill,0 Bartillon Center,7/5/1987,F,Health Coach III,Consumer Non-Durables,Finance,10/24/2020,40
52,Valli,Renoden,376 3rd Crossing,8/24/1994,F,Electrical Engineer,Finance,Health Care,9/9/2020,12
53,Colet,Zecchini,7 Fieldstone Terrace,1/3/1982,M,Occupational Therapist,Consumer Services,Health Care,12/25/2020,24
54,Addy,Souter,4 Dwight Court,10/16/1987,F,Paralegal,Public Utilities,Finance,4/18/2021,25
55,Jackie,Knevet,2 Bellgrove Terrace,10/29/1976,F,Civil Engineer,Technology,Consumer Non-Durables,10/13/2020,33
56,Anni,Pennuzzi,2865 Dorton Park,1/14/1997,F,Human Resources Assistant IV,Capital Goods,Public Utilities,6/12/2020,32
57,Drusi,Maffey,96 Sauthoff Avenue,12/16/1997,F,Senior Developer,Finance,Technology,1/31/2021,29
58,Irving,Woliter,623 School Circle,9/4/1993,M,VP Quality Control,Health Care,Public Utilities,10/31/2020,56
59,Clem,Esposi,0 Lakewood Parkway,11/16/1997,F,Developer III,n/a,Finance,6/1/2020,44
60,Marmaduke,Vigneron,549 Mockingbird Crossing,8/27/1982,M,Web Designer II,Health Care,n/a,12/26/2020,11
61,Ulrikaumeko,Rewcastle,0441 Portage Drive,3/6/1989,F,Senior Cost Accountant,Health Care,Public Utilities,9/26/2020,9
62,Wilone,Kedie,015 Mendota Plaza,8/31/1976,F,Graphic Designer,n/a,Technology,6/18/2020,36
63,Willow,Urion,864 Prairie Rose Way,3/20/1995,F,Health Coach II,n/a,Technology,9/16/2020,57
64,Elonore,Feldberger,7 Thompson Way,7/9/1975,F,Registered Nurse,Consumer Non-Durables,Energy,10/9/2020,35
65,Gussy,Alexandrescu,3147 Thackeray Avenue,2/16/1979,F,Health Coach III,n/a,n/a,10/7/2020,23
66,Donavon,L'Hommee,68324 Westport Parkway,1/8/1990,M,Engineer IV,n/a,Finance,2/3/2021,57
67,Del,Swiffan,2269 John Wall Hill,4/25/1985,M,Professor,n/a,n/a,4/30/2021,74
68,Phelia,Wannan,68323 Rusk Circle,7/17/1975,F,Developer III,Basic Industries,Finance,11/30/2020,58
69,Isidore,Folke,1716 Granby Trail,6/25/1977,M,Quality Control Specialist,Consumer Services,n/a,7/23/2020,4
70,Violetta,Verdun,4 Ridgeview Alley,1/7/1987,F,Account Coordinator,Finance,Public Utilities,7/13/2020,60
71,Catarina,Hugnin,24 Monument Alley,7/25/1998,F,Data Coordiator,Consumer Services,Finance,9/5/2020,56
72,Marcellus,Wager,35327 Packers Hill,12/20/1980,M,Media Manager I,Health Care,Capital Goods,9/24/2020,7
73,Mozes,Kirby,0122 Rutledge Court,5/2/1997,M,Senior Developer,Finance,Capital Goods,4/15/2021,13
74,Silvester,Smitton,54 Muir Hill,2/8/2003,M,Cost Accountant,Technology,Technology,8/27/2020,42
75,Ezequiel,Killingbeck,7242 Lyons Way,2/24/1990,M,Librarian,Health Care,Finance,11/14/2020,4
76,Hertha,Northill,01 Kensington Drive,6/30/1996,F,Community Outreach Specialist,n/a,Consumer Services,7/18/2020,30
77,Walther,Haddeston,3 Westerfield Park,4/17/1995,M,Quality Engineer,n/a,Finance,2/20/2021,51
78,Amelie,Whopples,02 Carey Court,9/13/1994,F,Associate Professor,Technology,Technology,11/5/2020,64
79,Rustie,Newcom,45243 Farmco Center,1/10/1998,M,Chief Design Engineer,n/a,Finance,8/7/2020,27
80,Westleigh,Brace,44 Mendota Drive,1/7/2003,M,Administrative Assistant IV,n/a,Finance,3/5/2021,53
81,Etan,MacDonald,6424 Aberg Place,11/7/1987,M,Cost Accountant,Consumer Services,Miscellaneous,5/25/2020,69
82,Caresse,Taft,08982 Badeau Drive,4/22/1984,F,Web Designer IV,Finance,Consumer Services,1/17/2021,24
83,Jeana,Rock,069 Hansons Avenue,2/2/1981,F,Food Chemist,Finance,Technology,10/9/2020,13
84,Shawn,Merioth,9 Bobwhite Center,11/27/1996,F,Web Designer I,Finance,Technology,7/3/2020,14
85,Kearney,De Wolfe,4632 Victoria Avenue,6/27/1984,M,Accountant I,Public Utilities,n/a,7/10/2020,54
86,Lorens,Spraggon,85 Katie Court,8/21/1981,M,VP Marketing,Technology,n/a,5/7/2020,55
87,Temp,Esparza,4585 Lukken Alley,12/22/1986,M,VP Sales,Finance,Public Utilities,3/7/2021,27
88,Inigo,Urry,3430 Monica Terrace,2/24/2003,M,Clinical Specialist,Health Care,n/a,11/3/2020,51
89,Estel,Peyntue,46477 Browning Hill,6/25/1981,F,Director of Sales,n/a,Technology,4/18/2021,64
90,Percy,Wassung,8 Warner Way,5/12/1996,M,Design Engineer,n/a,Consumer Services,10/8/2020,12
91,Foster,Exer,3762 Spenser Junction,1/17/1991,M,Graphic Designer,Energy,n/a,12/27/2020,47
92,Wendeline,Dumbelton,0451 Vermont Park,5/21/1993,F,Account Representative II,n/a,n/a,5/15/2020,47
93,Lauritz,McGinlay,51132 Carey Center,9/30/1987,M,Systems Administrator III,Health Care,Consumer Services,2/14/2021,25
94,Robbin,Dalgliesh,9 Sachs Street,11/4/2002,F,Safety Technician I,Transportation,Consumer Services,11/22/2020,39
95,Yorgo,Brooking,8399 Bunker Hill Terrace,2/21/1998,M,Nurse Practicioner,Basic Industries,Technology,12/2/2020,19
96,Carlie,Cristoforo,057 Kennedy Circle,4/21/2001,F,Financial Advisor,Basic Industries,Miscellaneous,2/20/2021,42
97,Roselle,Doers,822 Cordelia Plaza,3/24/1995,F,Civil Engineer,Health Care,Finance,4/9/2021,37
98,Gwenore,MacIlriach,424 Monica Parkway,10/15/1981,F,Tax Accountant,Finance,n/a,12/22/2020,28
99,Tabina,Beumant,0119 Kedzie Park,6/10/1977,F,Internal Auditor,Health Care,Basic Industries,4/6/2021,56
100,Gregorius,Tipper,4940 Old Shore Circle,3/25/1990,M,Staff Scientist,n/a,n/a,10/20/2020,13
